hoch, stark, Flocken, normal, blubbernd, Lungenentzuendung 
mittel, stark, Flocken, normal, blubbernd, Lungenentzuendung 
niedrig, leicht, Punkt, normal, fiepend, Lungenentzuendung 
hoch, mittel, Flocken, normal, blubbernd, Lungenentzuendung 
mittel, leicht, Flocken, normal, blubbernd, Lungenentzuendung 
ohne, leicht, Streifen, normal, normal, Tuberkulose 
hoch, stark, Loch, schnell, fiepend, Tuberkulose 
niedrig, leicht, Streifen, normal, normal, Tuberkulose 
ohne, leicht, Punkt, schnell, fiepend, Tuberkulose 
niedrig, mittel, Flocken, schnell, normal, Tuberkulose 